Segment,Borrowability,PHOIBLE_frequency_absolute,PHOIBLE_frequency_relative,SEGBO_frequency_absolute,SEGBO_frequency_relative,ID,Name,Description,SegmentClass,tone,stress,syllabic,short,long,consonantal,sonorant,continuant,delayedRelease,approximant,tap,trill,nasal,lateral,labial,round,labiodental,coronal,anterior,distributed,strident,dorsal,high,low,front,back,tense,retractedTongueRoot,advancedTongueRoot,periodicGlottalSource,epilaryngealSource,spreadGlottis,constrictedGlottis,fortis,raisedLarynxEjective,loweredLarynxImplosive,click
ðˠ,1.0004595588235294,1,0.00045934772622875517,1,0.00045934772622875517,9E3DA4E58709F9BF9E17A449D28EE7D6,ðˠ,LATIN SMALL LETTER ETH - MODIFIER LETTER SMALL GAMMA,consonant,0,-,-,-,-,+,-,+,+,-,-,-,-,-,-,0,0,+,+,+,-,+,+,-,-,-,0,0,0,+,-,-,-,-,-,-,-
pʷʰ,1.0004595588235294,1,0.00045934772622875517,1,0.00045934772622875517,6C3F7787E19CBD1433EF2DB705910E67,pʷʰ,LATIN SMALL LETTER P - MODIFIER LETTER SMALL W - MODIFIER LETTER SMALL H,consonant,0,-,-,-,-,+,-,-,-,-,-,-,-,-,+,+,-,-,0,0,0,-,0,0,0,0,0,0,0,-,-,+,-,-,-,-,-
ɸʷ,1.0004595588235294,1,0.00045934772622875517,1,0.00045934772622875517,A9AE43FC2BB2220AEC56494926170F9E,ɸʷ,LATIN SMALL LETTER PHI - MODIFIER LETTER SMALL W,consonant,0,-,-,-,-,+,-,+,+,-,-,-,-,-,+,+,-,-,0,0,0,-,0,0,0,0,0,0,0,-,-,-,-,-,-,-,-
l̪ˤ,1.0004595588235294,1,0.00045934772622875517,1,0.00045934772622875517,657927591D7E6185B6BCE4C3AA68423F,l̪ˤ,LATIN SMALL LETTER L - COMBINING BRIDGE BELOW - MODIFIER LETTER SMALL REVERSED GLOTTAL STOP,consonant,0,-,-,-,-,+,+,+,0,+,-,-,-,+,-,0,0,+,+,+,-,-,0,0,0,0,0,+,-,+,-,-,-,-,-,-,-
n̪ˤ,1.0004595588235294,1,0.00045934772622875517,1,0.00045934772622875517,8119CBA9EE3F60EE9F9E41FCF4FD74C2,n̪ˤ,LATIN SMALL LETTER N - COMBINING BRIDGE BELOW - MODIFIER LETTER SMALL REVERSED GLOTTAL STOP,consonant,0,-,-,-,-,+,+,-,0,-,-,-,+,-,-,0,0,+,+,+,-,-,0,0,0,0,0,+,-,+,-,-,-,-,-,-,-
d̠̤ʒ̤,1.0004595588235294,1,0.00045934772622875517,1,0.00045934772622875517,BA7B8BF8A92A7A8A5AC7AC7D08B424B6,d̠̤ʒ̤,LATIN SMALL LETTER D - COMBINING MINUS SIGN BELOW - COMBINING DIAERESIS BELOW - LATIN SMALL LETTER EZH - COMBINING DIAERESIS BELOW,consonant,0,-,-,-,-,+,-,-,+,-,-,-,-,-,-,0,0,+,-,+,+,-,0,0,0,0,0,0,0,+,-,+,-,-,-,-,-
uə̯,1.0004595588235294,1,0.00045934772622875517,1,0.00045934772622875517,1EA44801831867852FAEC38EA13B7174,uə̯,LATIN SMALL LETTER U - LATIN SMALL LETTER SCHWA - COMBINING INVERTED BREVE BELOW,vowel,0,-,"+,-",-,-,-,+,+,0,+,-,-,-,-,"+,-",+,-,-,0,0,0,+,"+,-",-,-,"+,-","+,-",-,-,+,-,-,-,0,-,-,0
tsʲʰ,1.0004595588235294,1,0.00045934772622875517,1,0.00045934772622875517,5924DA42129CC1F197722FB8B62D1885,tsʲʰ,LATIN SMALL LETTER T - LATIN SMALL LETTER S - MODIFIER LETTER SMALL J - MODIFIER LETTER SMALL H,consonant,0,-,-,-,-,+,-,-,+,-,-,-,-,-,-,0,0,+,+,-,+,+,+,-,+,-,0,0,0,-,-,+,-,-,-,-,-
ɕː,0.5732718894009217,7,0.003215434083601286,4,0.0018373909049150207,1883B4EB79FD08129F5AFD246D136228,ɕː,LATIN SMALL LETTER C WITH CURL - MODIFIER LETTER TRIANGULAR COLON,consonant,0,-,-,-,+,+,-,+,+,-,-,-,-,-,-,0,0,+,+,+,+,+,+,-,+,-,0,0,0,-,-,-,-,-,-,-,-
pʷʼ,0.5004597701149425,2,0.0009186954524575103,1,0.00045934772622875517,6ADCB174BD3E66C872E3F0867DE9ADA4,pʷʼ,LATIN SMALL LETTER P - MODIFIER LETTER SMALL W - MODIFIER LETTER APOSTROPHE,consonant,0,-,-,-,-,+,-,-,-,-,-,-,-,-,+,+,-,-,0,0,0,-,0,0,0,0,0,0,0,-,-,-,+,-,+,-,-
r̝,0.5004597701149425,2,0.0009186954524575103,1,0.00045934772622875517,1214D761CC44F5F017FD63EA26B45B4B,r̝,LATIN SMALL LETTER R - COMBINING UP TACK BELOW,consonant,0,-,-,-,-,+,+,+,+,+,-,+,-,-,-,0,0,+,+,-,-,-,0,0,0,0,0,0,0,+,-,-,-,-,-,-,-
pˤ,0.5004597701149425,2,0.0009186954524575103,1,0.00045934772622875517,9351067F8D7BD7BD730B05187DFD1093,pˤ,LATIN SMALL LETTER P - MODIFIER LETTER SMALL REVERSED GLOTTAL STOP,consonant,0,-,-,-,-,+,-,-,-,-,-,-,-,-,+,-,-,-,0,0,0,-,0,0,0,0,0,+,-,-,-,-,-,-,-,-,-
ðˤ,0.5004597701149425,2,0.0009186954524575103,1,0.00045934772622875517,47291C67010B4DBEAA93DB31BA0ABD0B,ðˤ,LATIN SMALL LETTER ETH - MODIFIER LETTER SMALL REVERSED GLOTTAL STOP,consonant,0,-,-,-,-,+,-,+,+,-,-,-,-,-,-,0,0,+,+,+,-,-,0,0,0,0,0,+,-,+,-,-,-,-,-,-,-
tˠ,0.33379331493406933,3,0.0013780431786862655,1,0.00045934772622875517,98C25FD77ED38B80CBD57629F93A9DF8,tˠ,LATIN SMALL LETTER T - MODIFIER LETTER SMALL GAMMA,consonant,0,-,-,-,-,+,-,-,-,-,-,-,-,-,-,0,0,+,+,-,-,+,+,-,-,-,0,0,0,-,-,-,-,-,-,-,-
ʊa,0.33379331493406933,3,0.0013780431786862655,1,0.00045934772622875517,7B19DF4EAB2A03B16BE2C19165F2F68E,ʊa,LATIN SMALL LETTER UPSILON - LATIN SMALL LETTER A,vowel,0,-,+,-,-,-,+,+,0,+,-,-,-,-,"+,-",+,-,-,0,0,0,+,"+,-","-,+",-,"+,-",-,-,-,+,-,-,-,0,-,-,0
sˠ,0.33379331493406933,3,0.0013780431786862655,1,0.00045934772622875517,DF1C4BB6D5D67AF07427900EB81EF244,sˠ,LATIN SMALL LETTER S - MODIFIER LETTER SMALL GAMMA,consonant,0,-,-,-,-,+,-,+,+,-,-,-,-,-,-,0,0,+,+,-,+,+,+,-,-,-,0,0,0,-,-,-,-,-,-,-,-
tˤ,0.28663594470046083,7,0.003215434083601286,2,0.0009186954524575103,8A2147CEAD6091015AA0965F0B6C2AEB,tˤ,LATIN SMALL LETTER T - MODIFIER LETTER SMALL REVERSED GLOTTAL STOP,consonant,0,-,-,-,-,+,-,-,-,-,-,-,-,-,-,0,0,+,+,-,-,-,0,0,0,0,0,+,-,-,-,-,-,-,-,-,-
ɮʲ,0.2504601932811781,4,0.0018373909049150207,1,0.00045934772622875517,FF6C523F2A5DD002B5514706570EEE96,ɮʲ,LATIN SMALL LETTER LEZH - MODIFIER LETTER SMALL J,consonant,0,-,-,-,-,+,-,+,+,-,-,-,-,+,-,0,0,+,+,-,-,+,+,-,+,-,0,0,0,+,-,-,-,-,-,-,-
ʡ,0.2504601932811781,4,0.0018373909049150207,1,0.00045934772622875517,D17CE01E5AFD7AA148785E96513B07CA,ʡ,LATIN LETTER GLOTTAL STOP WITH STROKE,consonant,0,-,-,-,-,+,-,-,-,-,-,-,-,-,-,0,0,-,0,0,0,-,0,0,0,0,0,0,0,-,+,-,-,-,-,-,-
dzʱ,0.2504601932811781,4,0.0018373909049150207,1,0.00045934772622875517,CB610CAB6FE2220917C929580F1730E5,dzʱ,LATIN SMALL LETTER D - LATIN SMALL LETTER Z - MODIFIER LETTER SMALL H WITH HOOK,consonant,0,-,-,-,-,+,-,-,+,-,-,-,-,-,-,0,0,+,+,-,+,-,0,0,0,0,0,0,0,+,-,+,-,-,-,-,-
ɣʲ,0.2504601932811781,4,0.0018373909049150207,1,0.00045934772622875517,0F59E77A64C885395DCE59483866178A,ɣʲ,LATIN SMALL LETTER GAMMA - MODIFIER LETTER SMALL J,consonant,0,-,-,-,-,+,-,+,+,-,-,-,-,-,-,0,0,-,0,0,0,+,+,-,+,-,0,0,0,+,-,-,-,-,-,-,-
sˤ,0.22314473144731448,9,0.004134129536058797,2,0.0009186954524575103,35C386C6B0CA2D6E38CD56396F233034,sˤ,LATIN SMALL LETTER S - MODIFIER LETTER SMALL REVERSED GLOTTAL STOP,consonant,0,-,-,-,-,+,-,+,+,-,-,-,-,-,-,0,0,+,+,-,+,-,0,0,0,0,0,+,-,-,-,-,-,-,-,-,-
œ̃,0.20046040515653776,5,0.0022967386311437757,1,0.00045934772622875517,06AD3EFFCE1EA6B31D8D6D91B820E116,œ̃,LATIN SMALL LIGATURE OE - COMBINING TILDE,vowel,0,-,+,-,-,-,+,+,0,+,-,-,+,-,+,+,-,-,0,0,0,+,-,-,+,-,-,-,-,+,-,-,-,0,-,-,0
œ̃ː,0.20046040515653776,5,0.0022967386311437757,1,0.00045934772622875517,7CE76FD1B39B58673C93812B6769FB38,œ̃ː,LATIN SMALL LIGATURE OE - COMBINING TILDE - MODIFIER LETTER TRIANGULAR COLON,vowel,0,-,+,-,+,-,+,+,0,+,-,-,+,-,+,+,-,-,0,0,0,+,-,-,+,-,-,-,-,+,-,-,-,0,-,-,0
tsʷʰ,0.20046040515653776,5,0.0022967386311437757,1,0.00045934772622875517,7923B7E1859F891FD08B68F016654DB7,tsʷʰ,LATIN SMALL LETTER T - LATIN SMALL LETTER S - MODIFIER LETTER SMALL W - MODIFIER LETTER SMALL H,consonant,0,-,-,-,-,+,-,-,+,-,-,-,-,-,+,+,-,+,+,-,+,-,0,0,0,0,0,0,0,-,-,+,-,-,-,-,-
f,0.18787895877338692,968,0.444648598989435,101,0.04639412034910427,86E80A7DA80F7F58CA76F85BACA48F86,f,LATIN SMALL LETTER F,consonant,0,-,-,-,-,+,-,+,+,-,-,-,-,-,+,-,+,-,0,0,0,-,0,0,0,0,0,0,0,-,-,-,-,-,-,-,-
dˤ,0.16712728389375098,6,0.002756086357372531,1,0.00045934772622875517,1FCBA2F74274FF6CBC8636C9BAB66A2F,dˤ,LATIN SMALL LETTER D - MODIFIER LETTER SMALL REVERSED GLOTTAL STOP,consonant,0,-,-,-,-,+,-,-,-,-,-,-,-,-,-,0,0,+,+,-,-,-,0,0,0,0,0,+,-,+,-,-,-,-,-,-,-
dzʲ,0.16712728389375098,6,0.002756086357372531,1,0.00045934772622875517,359D8C5FEAA18466059F2427790039DC,dzʲ,LATIN SMALL LETTER D - LATIN SMALL LETTER Z - MODIFIER LETTER SMALL J,consonant,0,-,-,-,-,+,-,-,+,-,-,-,-,-,-,0,0,+,+,-,+,+,+,-,+,-,0,0,0,+,-,-,-,-,-,-,-
rʲ,0.15000861326442722,27,0.01240238860817639,4,0.0018373909049150207,4FEA9B23C77E9EA34A6963E4D4FF64BA,rʲ,LATIN SMALL LETTER R - MODIFIER LETTER SMALL J,consonant,0,-,-,-,-,+,+,+,0,+,-,+,-,-,-,0,0,+,+,-,-,+,+,-,+,-,0,0,0,+,-,-,-,-,-,-,-
zˤ,0.14331797235023042,7,0.003215434083601286,1,0.00045934772622875517,5CD0683A71734F676F28F2E766031D42,zˤ,LATIN SMALL LETTER Z - MODIFIER LETTER SMALL REVERSED GLOTTAL STOP,consonant,0,-,-,-,-,+,-,+,+,-,-,-,-,-,-,0,0,+,+,-,+,-,0,0,0,0,0,+,-,+,-,-,-,-,-,-,-
ɪ̈,0.14331797235023042,7,0.003215434083601286,1,0.00045934772622875517,285A8D9A3CA9805FE744FA8CD275ADE9,ɪ̈,LATIN LETTER SMALL CAPITAL I - COMBINING DIAERESIS,vowel,0,-,+,-,-,-,+,+,0,+,-,-,-,-,-,0,0,-,0,0,0,+,+,-,0,-,-,-,-,+,-,-,-,0,-,-,0
æ̃ː,0.14331797235023042,7,0.003215434083601286,1,0.00045934772622875517,12284E9A12BC41F54DBF307EDD516C76,æ̃ː,LATIN SMALL LETTER AE - COMBINING TILDE - MODIFIER LETTER TRIANGULAR COLON,vowel,0,-,+,-,+,-,+,+,0,+,-,-,+,-,-,0,0,-,0,0,0,+,-,+,+,-,0,-,-,+,-,-,-,0,-,-,0
ʕ,0.13614759224515322,45,0.02067064768029398,6,0.002756086357372531,55F94F929CDB58CDE9BE8333787E3A31,ʕ,LATIN LETTER PHARYNGEAL VOICED FRICATIVE,consonant,0,-,-,-,-,+,-,+,+,-,-,-,-,-,-,0,0,-,0,0,0,+,-,+,-,+,0,0,0,+,-,-,-,-,-,-,-
p,0.1262879170643163,1895,0.870463941203491,31,0.01423977951309141,2D6FB64B3CDC3549EF11DB98A66A9EAD,p,LATIN SMALL LETTER P,consonant,0,-,-,-,-,+,-,-,-,-,-,-,-,-,+,-,-,-,0,0,0,-,0,0,0,0,0,0,0,-,-,-,-,-,-,-,-
ɽ̃,0.1254610419548179,8,0.0036747818098300414,1,0.00045934772622875517,558EB9E0D21C4B2AF8EA78F96AADF1E6,ɽ̃,LATIN SMALL LETTER R WITH TAIL - COMBINING TILDE,consonant,0,-,-,-,-,+,+,+,0,+,+,-,+,-,-,0,0,+,-,-,-,-,0,0,0,0,0,0,0,+,-,-,-,-,-,-,-
tsʷ,0.1254610419548179,8,0.0036747818098300414,1,0.00045934772622875517,A66006789C0D5D1A4E620C2E06A6DA03,tsʷ,LATIN SMALL LETTER T - LATIN SMALL LETTER S - MODIFIER LETTER SMALL W,consonant,0,-,-,-,-,+,-,-,+,-,-,-,-,-,+,+,-,+,+,-,+,-,0,0,0,0,0,0,0,-,-,-,-,-,-,-,-
ʜ,0.1254610419548179,8,0.0036747818098300414,1,0.00045934772622875517,DB415281921248FCDAF723AFA0D986E4,ʜ,LATIN LETTER SMALL CAPITAL H,consonant,0,-,-,-,-,-,-,+,+,-,-,-,-,-,-,0,0,-,0,0,0,-,0,0,0,0,0,0,0,-,+,+,-,-,-,-,-
ɲ̊,0.11157236572365724,9,0.004134129536058797,1,0.00045934772622875517,7145DA37441D46468137A8F0833E6787,ɲ̊,LATIN SMALL LETTER N WITH LEFT HOOK - COMBINING RING ABOVE,consonant,0,-,-,-,-,+,+,-,0,-,-,-,+,-,-,0,0,+,-,+,-,+,+,-,+,-,0,0,0,-,-,-,-,-,-,-,-
wʲ,0.10046146746654361,10,0.004593477262287551,1,0.00045934772622875517,82D3CEC9D54DFBC7619D0B9EF5F4993E,wʲ,LATIN SMALL LETTER W - MODIFIER LETTER SMALL J,consonant,0,-,-,-,-,-,+,+,0,+,-,-,-,-,+,+,-,-,0,0,0,+,+,-,+,-,+,0,0,+,-,-,-,-,-,-,-
ɡ,0.09783339526924839,1255,0.5764813964170877,52,0.02388608176389527,ECC959553F23387998DAF88D69D7736C,ɡ,LATIN SMALL LETTER SCRIPT G,consonant,0,-,-,-,-,+,-,-,-,-,-,-,-,-,-,0,0,-,0,0,0,+,+,-,-,-,0,0,0,+,-,-,-,-,-,-,-
dʱ,0.0913707714261731,11,0.005052824988516307,1,0.00045934772622875517,ABF384858047DB0210A89F0502E90C82,dʱ,LATIN SMALL LETTER D - MODIFIER LETTER SMALL H WITH HOOK,consonant,0,-,-,-,-,+,-,-,-,-,-,-,-,-,-,0,0,+,+,-,-,-,0,0,0,0,0,0,0,+,-,+,-,-,-,-,-
ŋ̊,0.0913707714261731,11,0.005052824988516307,1,0.00045934772622875517,DC64DF688224E6FD840EEFC3767FDBE6,ŋ̊,LATIN SMALL LETTER ENG - COMBINING RING ABOVE,consonant,0,-,-,-,-,+,+,-,0,-,-,-,+,-,-,0,0,-,0,0,0,+,+,-,-,-,0,0,0,-,-,-,-,-,-,-,-
xʲ,0.08379522709776752,12,0.005512172714745062,1,0.00045934772622875517,CFDC3D2764B7C450CAB7DFC1854E8C75,xʲ,LATIN SMALL LETTER X - MODIFIER LETTER SMALL J,consonant,0,-,-,-,-,+,-,+,+,-,-,-,-,-,-,0,0,-,0,0,0,+,+,-,+,-,0,0,0,-,-,-,-,-,-,-,-
ħ,0.08300922748417601,62,0.02847955902618282,5,0.0022967386311437757,C699D862DAE3202097065A59720E60BC,ħ,LATIN SMALL LETTER H WITH STROKE,consonant,0,-,-,-,-,+,-,+,+,-,-,-,-,-,-,0,0,-,0,0,0,+,-,+,-,+,0,0,0,-,-,-,-,-,-,-,-
b,0.08137056485431937,1385,0.6361966008268259,41,0.018833256775378962,694212B746622E482E0E58D50036100E,b,LATIN SMALL LETTER B,consonant,0,-,-,-,-,+,-,-,-,-,-,-,-,-,+,-,-,-,0,0,0,-,0,0,0,0,0,0,0,+,-,-,-,-,-,-,-
z,0.08113653527398268,682,0.31327514928801103,38,0.017455213596692696,E77FDA2EAABA78B3E55A968B2257CF26,z,LATIN SMALL LETTER Z,consonant,0,-,-,-,-,+,-,+,+,-,-,-,-,-,-,0,0,+,+,-,+,-,0,0,0,0,0,0,0,+,-,-,-,-,-,-,-
ʒ,0.07838291660256684,331,0.15204409738171795,22,0.010105649977032614,DAC6AC8BCA2D24EFF188A7129D280801,ʒ,LATIN SMALL LETTER EZH,consonant,0,-,-,-,-,+,-,+,+,-,-,-,-,-,-,0,0,+,-,+,+,-,0,0,0,0,0,0,0,+,-,-,-,-,-,-,-
ð,0.07815005384707431,122,0.05604042259990813,9,0.004134129536058797,C74BECEC6C9DBC95D2C92E893F72A8AD,ð,LATIN SMALL LETTER ETH,consonant,0,-,-,-,-,+,-,+,+,-,-,-,-,-,-,0,0,+,+,+,-,-,0,0,0,0,0,0,0,+,-,-,-,-,-,-,-
z̻,0.07738518413194938,13,0.0059715204409738175,1,0.00045934772622875517,92B41E9C14B6FD2564CABDE05D20ED97,z̻,LATIN SMALL LETTER Z - COMBINING SQUARE BELOW,consonant,0,-,-,-,-,+,-,+,+,-,-,-,-,-,-,0,0,+,+,+,+,-,0,0,0,0,0,0,0,+,-,-,-,-,-,-,-
ɑ̃ː,0.07738518413194938,13,0.0059715204409738175,1,0.00045934772622875517,84FD9198ADD53CB38EF1B7A66DC0DB74,ɑ̃ː,LATIN SMALL LETTER ALPHA - COMBINING TILDE - MODIFIER LETTER TRIANGULAR COLON,vowel,0,-,+,-,+,-,+,+,0,+,-,-,+,-,-,0,0,-,0,0,0,+,-,+,-,+,0,-,-,+,-,-,-,0,-,-,0
pʲʰ,0.07738518413194938,13,0.0059715204409738175,1,0.00045934772622875517,3B4E2188086496B9803EA76F0ADDBC08,pʲʰ,LATIN SMALL LETTER P - MODIFIER LETTER SMALL J - MODIFIER LETTER SMALL H,consonant,0,-,-,-,-,+,-,-,-,-,-,-,-,-,+,-,-,-,0,0,0,+,+,-,+,-,0,0,0,-,-,+,-,-,-,-,-
sʼ,0.0718908922792418,14,0.006430868167202572,1,0.00045934772622875517,825B20CB261AC2AAD034C4B8C3BC5DFC,sʼ,LATIN SMALL LETTER S - MODIFIER LETTER APOSTROPHE,consonant,0,-,-,-,-,+,-,+,+,-,-,-,-,-,-,0,0,+,+,-,+,-,0,0,0,0,0,0,0,-,-,-,+,-,+,-,-
qː,0.0718908922792418,14,0.006430868167202572,1,0.00045934772622875517,8E0A811394AB18A49D7448F524FB77E0,qː,LATIN SMALL LETTER Q - MODIFIER LETTER TRIANGULAR COLON,consonant,0,-,-,-,+,+,-,-,-,-,-,-,-,-,-,0,0,-,0,0,0,+,-,-,-,+,0,0,0,-,-,-,-,-,-,-,-
ɡ̤,0.0718908922792418,14,0.006430868167202572,1,0.00045934772622875517,99BEFB40F8A6555031418CD050561EEE,ɡ̤,LATIN SMALL LETTER SCRIPT G - COMBINING DIAERESIS BELOW,consonant,0,-,-,-,-,+,-,-,-,-,-,-,-,-,-,0,0,-,0,0,0,+,+,-,-,-,0,0,0,+,-,+,-,-,-,-,-
mbʷ,0.0718908922792418,14,0.006430868167202572,1,0.00045934772622875517,DCA95603F25D35DC7849C173B1B63642,mbʷ,LATIN SMALL LETTER M - LATIN SMALL LETTER B - MODIFIER LETTER SMALL W,consonant,0,-,-,-,-,+,"+,-",-,-,-,-,-,"+,-",-,+,"-,+",-,-,0,0,0,-,0,0,0,0,0,0,0,+,-,-,-,-,-,-,-
d̠ʒ,0.07081977878985037,640,0.2939825447864033,32,0.014699127239320165,C7364BE7F76504D8DE329FFF30C42424,d̠ʒ,LATIN SMALL LETTER D - COMBINING MINUS SIGN BELOW - LATIN SMALL LETTER EZH,consonant,0,-,-,-,-,+,-,-,+,-,-,-,-,-,-,0,0,+,-,+,+,-,0,0,0,0,0,0,0,+,-,-,-,-,-,-,-
v,0.07011490670323733,617,0.28341754708314193,31,0.01423977951309141,033ACAA664F151FC56BC9595526BCFA4,v,LATIN SMALL LETTER V,consonant,0,-,-,-,-,+,-,+,+,-,-,-,-,-,+,-,+,-,0,0,0,-,0,0,0,0,0,0,0,+,-,-,-,-,-,-,-
d,0.06982511225902292,1097,0.5039044556729444,38,0.017455213596692696,E6253384902D489FDB1FE487B7ED4AB2,d,LATIN SMALL LETTER D,consonant,0,-,-,-,-,+,-,-,-,-,-,-,-,-,-,0,0,+,+,-,-,-,0,0,0,0,0,0,0,+,-,-,-,-,-,-,-
fʲ,0.06759819903741654,30,0.013780431786862656,2,0.0009186954524575103,94AD2B51FB011E032DC3E695DB412F3D,fʲ,LATIN SMALL LETTER F - MODIFIER LETTER SMALL J,consonant,0,-,-,-,-,+,-,+,+,-,-,-,-,-,+,-,+,-,0,0,0,+,+,-,+,-,0,0,0,-,-,-,-,-,-,-,-
x,0.06598551167910767,411,0.18879191548001836,22,0.010105649977032614,F62AFB705D2A2D30BB41CF3FBE917891,x,LATIN SMALL LETTER X,consonant,0,-,-,-,-,+,-,+,+,-,-,-,-,-,-,0,0,-,0,0,0,+,+,-,-,-,0,0,0,-,-,-,-,-,-,-,-
ʎ,0.06538322921672272,96,0.044097381717960495,6,0.002756086357372531,1C7F2960BE4EDD840C01C94930F1D932,ʎ,LATIN SMALL LETTER TURNED Y,consonant,0,-,-,-,-,+,+,+,0,+,-,-,-,+,-,0,0,+,-,+,-,+,+,-,+,-,0,0,0,+,-,-,-,-,-,-,-
h,0.06402376260918154,1258,0.577859439595774,34,0.015617822691777675,E7FBD92350B3CA8B7B5D77E36A607068,h,LATIN SMALL LETTER H,consonant,0,-,-,-,-,-,-,+,+,-,-,-,-,-,-,0,0,-,0,0,0,-,0,0,0,0,0,0,0,-,-,+,-,-,-,-,-
ɹ,0.06390911225927665,48,0.022048690858980247,3,0.0013780431786862655,BF93B485560325B98EACB69D278AD493,ɹ,LATIN SMALL LETTER TURNED R,consonant,0,-,-,-,-,-,+,+,0,+,-,-,-,-,-,0,0,+,-,+,-,-,0,0,0,0,0,0,0,+,-,-,-,-,-,-,-
ʃ,0.06385978421289039,782,0.3592099219108865,32,0.014699127239320165,9E7CDEEE9F0DE43C10181AE483F62CBD,ʃ,LATIN SMALL LETTER ESH,consonant,0,-,-,-,-,+,-,+,+,-,-,-,-,-,-,0,0,+,-,+,+,-,0,0,0,0,0,0,0,-,-,-,-,-,-,-,-
tsʲ,0.062962748727441,16,0.007349563619660083,1,0.00045934772622875517,BD5DD0B4F35DA44F05B251A09476EADF,tsʲ,LATIN SMALL LETTER T - LATIN SMALL LETTER S - MODIFIER LETTER SMALL J,consonant,0,-,-,-,-,+,-,-,+,-,-,-,-,-,-,0,0,+,+,-,+,+,+,-,+,-,0,0,0,-,-,-,-,-,-,-,-
d̤,0.062962748727441,16,0.007349563619660083,1,0.00045934772622875517,F52FDCB8A1E6B74B993DE6E648C10637,d̤,LATIN SMALL LETTER D - COMBINING DIAERESIS BELOW,consonant,0,-,-,-,-,+,-,-,-,-,-,-,-,-,-,0,0,+,+,-,-,-,0,0,0,0,0,0,0,+,-,+,-,-,-,-,-
χ,0.06141967761957605,158,0.07257694074414332,9,0.004134129536058797,24934115EB451EB20C91AC9D2AD62537,χ,GREEK SMALL LETTER CHI,consonant,0,-,-,-,-,+,-,+,+,-,-,-,-,-,-,0,0,-,0,0,0,+,-,-,-,+,0,0,0,-,-,-,-,-,-,-,-
ɸ,0.0603185535263337,123,0.056499770326136886,7,0.003215434083601286,E9F92ED438311DEF47430F2DC3038C22,ɸ,LATIN SMALL LETTER PHI,consonant,0,-,-,-,-,+,-,+,+,-,-,-,-,-,+,-,-,-,0,0,0,-,0,0,0,0,0,0,0,-,-,-,-,-,-,-,-
bʱ,0.059286492374727676,17,0.0078089113458888375,1,0.00045934772622875517,15464A7A3C2D7A9B750F066632E00939,bʱ,LATIN SMALL LETTER B - MODIFIER LETTER SMALL H WITH HOOK,consonant,0,-,-,-,-,+,-,-,-,-,-,-,-,-,+,-,-,-,0,0,0,-,0,0,0,0,0,0,0,+,-,+,-,-,-,-,-
bʰ,0.059286492374727676,17,0.0078089113458888375,1,0.00045934772622875517,1F0B39C9E43EDAD4E4E4BCEC2A2C955D,bʰ,LATIN SMALL LETTER B - MODIFIER LETTER SMALL H,consonant,0,-,-,-,-,+,-,-,-,-,-,-,-,-,+,-,-,-,0,0,0,-,0,0,0,0,0,0,0,-,-,+,-,-,-,-,-
ɱ,0.05601873295249858,18,0.008268259072117593,1,0.00045934772622875517,E61654B85E72EDDB4ADA812B48BA9452,ɱ,LATIN SMALL LETTER M WITH HOOK,consonant,0,-,-,-,-,+,+,-,0,-,-,-,+,-,+,-,+,-,0,0,0,-,0,0,0,0,0,0,0,+,-,-,-,-,-,-,-
qʷʼ,0.05601873295249858,18,0.008268259072117593,1,0.00045934772622875517,1230081C3710A6F95C105998800A8557,qʷʼ,LATIN SMALL LETTER Q - MODIFIER LETTER SMALL W - MODIFIER LETTER APOSTROPHE,consonant,0,-,-,-,-,+,-,-,-,-,-,-,-,-,+,+,-,-,0,0,0,+,-,-,-,+,0,0,0,-,-,-,+,-,+,-,-
l,0.05550680449170818,1582,0.7266881028938906,24,0.011024345429490124,03413638BD1DFC7AEF53192FEF71F017,l,LATIN SMALL LETTER L,consonant,0,-,-,-,-,+,+,+,0,+,-,-,-,+,-,0,0,+,+,-,-,-,0,0,0,0,0,0,0,+,-,-,-,-,-,-,-
q,0.05450676014021032,180,0.08268259072117592,9,0.004134129536058797,4AC7382217172B3821AE54CD38BD8698,q,LATIN SMALL LETTER Q,consonant,0,-,-,-,-,+,-,-,-,-,-,-,-,-,-,0,0,-,0,0,0,+,-,-,-,+,0,0,0,-,-,-,-,-,-,-,-
r,0.05328929487255238,1099,0.5048231511254019,29,0.0133210840606339,5D1D7FB69E1A3C0C60001FBC0C19ED87,r,LATIN SMALL LETTER R,consonant,0,-,-,-,-,+,+,+,0,+,-,+,-,-,-,0,0,+,+,-,-,-,0,0,0,0,0,0,0,+,-,-,-,-,-,-,-
t̠ʃ,0.05277228511370681,916,0.42076251722553976,28,0.012861736334405145,1348048F53951A5E29ABA6D5360925BA,t̠ʃ,LATIN SMALL LETTER T - COMBINING MINUS SIGN BELOW - LATIN SMALL LETTER ESH,consonant,0,-,-,-,-,+,-,-,+,-,-,-,-,-,-,0,0,+,-,+,+,-,0,0,0,0,0,0,0,-,-,-,-,-,-,-,-
o,0.05148879970785959,1446,0.66421681212678,25,0.011483693155718878,5AC0158A367D59E8C16A876321E578AB,o,LATIN SMALL LETTER O,vowel,0,-,+,-,-,-,+,+,0,+,-,-,-,-,+,+,-,-,0,0,0,+,-,-,-,+,+,-,-,+,-,-,-,0,-,-,0
ʃː,0.050935891436593356,40,0.018373909049150206,2,0.0009186954524575103,11BA86428BB2A632682677515F0DED9A,ʃː,LATIN SMALL LETTER ESH - MODIFIER LETTER TRIANGULAR COLON,consonant,0,-,-,-,+,+,-,+,+,-,-,-,-,-,-,0,0,+,-,+,+,-,0,0,0,0,0,0,0,-,-,-,-,-,-,-,-
ɣʷ,0.05046360686138155,20,0.009186954524575103,1,0.00045934772622875517,2C506EAD6B506B116E11D445B865A044,ɣʷ,LATIN SMALL LETTER GAMMA - MODIFIER LETTER SMALL W,consonant,0,-,-,-,-,+,-,+,+,-,-,-,-,-,+,+,-,-,0,0,0,+,+,-,-,-,0,0,0,+,-,-,-,-,-,-,-
ɾ,0.04985686476583076,615,0.28249885163068444,22,0.010105649977032614,795215076D89B5B17C0D147BE5C341E3,ɾ,LATIN SMALL LETTER R WITH FISHHOOK,consonant,0,-,-,-,-,+,+,+,0,+,+,-,-,-,-,0,0,+,+,-,-,-,0,0,0,0,0,0,0,+,-,-,-,-,-,-,-
zː,0.04808286951144094,21,0.00964630225080386,1,0.00045934772622875517,55178E3BFB75E825B7E1DDB1ECAC84EA,zː,LATIN SMALL LETTER Z - MODIFIER LETTER TRIANGULAR COLON,consonant,0,-,-,-,+,+,-,+,+,-,-,-,-,-,-,0,0,+,+,-,+,-,0,0,0,0,0,0,0,+,-,-,-,-,-,-,-
j,0.047492310041667554,1993,0.915480018373909,8,0.0036747818098300414,ADF56B8E4119266843033E723A149AE2,j,LATIN SMALL LETTER J,consonant,0,-,-,-,-,-,+,+,0,+,-,-,-,-,-,0,0,-,0,0,0,+,+,-,+,-,+,0,0,+,-,-,-,-,-,-,-
s,0.0440231096048031,1531,0.7032613688562241,20,0.009186954524575103,7FF174469DAC4E61520F4E1610B2F088,s,LATIN SMALL LETTER S,consonant,0,-,-,-,-,+,-,+,+,-,-,-,-,-,-,0,0,+,+,-,+,-,0,0,0,0,0,0,0,-,-,-,-,-,-,-,-
ɣ,0.043183734192908496,327,0.15020670647680295,12,0.005512172714745062,1832D7834F81DD97E33C58D9F70EC5C6,ɣ,LATIN SMALL LETTER GAMMA,consonant,0,-,-,-,-,+,-,+,+,-,-,-,-,-,-,0,0,-,0,0,0,+,+,-,-,-,0,0,0,+,-,-,-,-,-,-,-
ts,0.040478697318541965,519,0.23840146991272393,16,0.007349563619660083,106C7FE93D986D037407524D08F3599A,ts,LATIN SMALL LETTER T - LATIN SMALL LETTER S,consonant,0,-,-,-,-,+,-,-,+,-,-,-,-,-,-,0,0,+,+,-,+,-,0,0,0,0,0,0,0,-,-,-,-,-,-,-,-
e,0.040158642316915696,1482,0.6807533302710151,19,0.008727606798346348,199408E3D0668F10F475143F0E8CC0CB,e,LATIN SMALL LETTER E,vowel,0,-,+,-,-,-,+,+,0,+,-,-,-,-,-,0,0,-,0,0,0,+,-,-,+,-,+,-,-,+,-,-,-,0,-,-,0
ɖ̤,0.037502153316106804,27,0.01240238860817639,1,0.00045934772622875517,D32D22D7FB8C895910556E91EE6B372A,ɖ̤,LATIN SMALL LETTER D WITH TAIL - COMBINING DIAERESIS BELOW,consonant,0,-,-,-,-,+,-,-,-,-,-,-,-,-,-,0,0,+,-,-,-,-,0,0,0,0,0,0,0,+,-,+,-,-,-,-,-
θ,0.03714763497372193,84,0.03858520900321544,3,0.0013780431786862655,7D184A6DCDA3EB154F9CB34651E02EEE,θ,GREEK SMALL LETTER THETA,consonant,0,-,-,-,-,+,-,+,+,-,-,-,-,-,-,0,0,+,+,+,-,-,0,0,0,0,0,0,0,-,-,-,-,-,-,-,-
xʷ,0.03542660005532864,58,0.0266421681212678,2,0.0009186954524575103,CC1E157E56BC1B4B281FF3ACD292F7DF,xʷ,LATIN SMALL LETTER X - MODIFIER LETTER SMALL W,consonant,0,-,-,-,-,+,-,+,+,-,-,-,-,-,+,+,-,-,0,0,0,+,+,-,-,-,0,0,0,-,-,-,-,-,-,-,-
dz,0.03185462967608154,248,0.11391823610473129,7,0.003215434083601286,17B1CFA69C0C6AB5362FFDB585C0C7DC,dz,LATIN SMALL LETTER D - LATIN SMALL LETTER Z,consonant,0,-,-,-,-,+,-,-,+,-,-,-,-,-,-,0,0,+,+,-,+,-,0,0,0,0,0,0,0,+,-,-,-,-,-,-,-
m,0.031716200466200446,2112,0.9701423977951309,2,0.0009186954524575103,5AE9663626770D1D4B97AAE5769AB83C,m,LATIN SMALL LETTER M,consonant,0,-,-,-,-,+,+,-,0,-,-,-,+,-,+,-,-,-,0,0,0,-,0,0,0,0,0,0,0,+,-,-,-,-,-,-,-
k,0.031396744084086166,2004,0.9205328433624254,5,0.0022967386311437757,5A838FF4DABE1950734CFAFAB9383903,k,LATIN SMALL LETTER K,consonant,0,-,-,-,-,+,-,-,-,-,-,-,-,-,-,0,0,-,0,0,0,+,+,-,-,-,0,0,0,-,-,-,-,-,-,-,-
ɲː,0.030769448213478063,33,0.01515847496554892,1,0.00045934772622875517,B72EA7A6AB24EDF883082F82EAC69ADE,ɲː,LATIN SMALL LETTER N WITH LEFT HOOK - MODIFIER LETTER TRIANGULAR COLON,consonant,0,-,-,-,+,+,+,-,0,-,-,-,+,-,-,0,0,+,-,+,-,+,+,-,+,-,0,0,0,+,-,-,-,-,-,-,-
ɖʐ,0.030769448213478063,33,0.01515847496554892,1,0.00045934772622875517,D418E761F17614DCFCAE81181526DD99,ɖʐ,LATIN SMALL LETTER D WITH TAIL - LATIN SMALL LETTER Z WITH RETROFLEX HOOK,consonant,0,-,-,-,-,+,-,-,+,-,-,-,-,-,-,0,0,+,-,-,+,-,0,0,0,0,0,0,0,+,-,-,-,-,-,-,-
t̪ʼ,0.030769448213478063,33,0.01515847496554892,1,0.00045934772622875517,D3867260AB7CFE5A579FD7E8ACD31024,t̪ʼ,LATIN SMALL LETTER T - COMBINING BRIDGE BELOW - MODIFIER LETTER APOSTROPHE,consonant,0,-,-,-,-,+,-,-,-,-,-,-,-,-,-,0,0,+,+,+,-,-,0,0,0,0,0,0,0,-,-,-,+,-,+,-,-
tʲ,0.028347830616177926,73,0.03353238401469913,2,0.0009186954524575103,FC7AAC2F2DD0F75DE6A9EC1F88A4ADB6,tʲ,LATIN SMALL LETTER T - MODIFIER LETTER SMALL J,consonant,0,-,-,-,-,+,-,-,-,-,-,-,-,-,-,0,0,+,+,-,-,+,+,-,+,-,0,0,0,-,-,-,-,-,-,-,-
w,0.02752699592848292,1883,0.864951768488746,7,0.003215434083601286,501394D0E2658752D9DA624E7DEBE14B,w,LATIN SMALL LETTER W,consonant,0,-,-,-,-,-,+,+,0,+,-,-,-,-,+,+,-,-,0,0,0,+,+,-,-,+,+,0,0,+,-,-,-,-,-,-,-
mp,0.027494316746653195,37,0.016995865870463943,1,0.00045934772622875517,BF12DE184C2966E2D5F83A7F25285B98,mp,LATIN SMALL LETTER M - LATIN SMALL LETTER P,consonant,0,-,-,-,-,+,"+,-",-,-,-,-,-,"+,-",-,+,-,-,-,0,0,0,-,0,0,0,0,0,0,0,"+,-",-,-,-,-,-,-,-
ʈʂʰ,0.027494316746653195,37,0.016995865870463943,1,0.00045934772622875517,1221CD26FBA96262AA84D0449FF78413,ʈʂʰ,LATIN SMALL LETTER T WITH RETROFLEX HOOK - LATIN SMALL LETTER S WITH HOOK - MODIFIER LETTER SMALL H,consonant,0,-,-,-,-,+,-,-,+,-,-,-,-,-,-,0,0,+,-,-,+,-,0,0,0,0,0,0,0,-,-,+,-,-,-,-,-
ʈʂ,0.026926406926406923,77,0.03536977491961415,2,0.0009186954524575103,0C125CB557D530881A8F1E46A3EB6F0C,ʈʂ,LATIN SMALL LETTER T WITH RETROFLEX HOOK - LATIN SMALL LETTER S WITH HOOK,consonant,0,-,-,-,-,+,-,-,+,-,-,-,-,-,-,0,0,+,-,-,+,-,0,0,0,0,0,0,0,-,-,-,-,-,-,-,-
sʷ,0.026783297655077386,38,0.017455213596692696,1,0.00045934772622875517,6576638EF4391DBEAFB44F37A062CD2D,sʷ,LATIN SMALL LETTER S - MODIFIER LETTER SMALL W,consonant,0,-,-,-,-,+,-,+,+,-,-,-,-,-,+,+,-,+,+,-,+,-,0,0,0,0,0,0,0,-,-,-,-,-,-,-,-
fː,0.026783297655077386,38,0.017455213596692696,1,0.00045934772622875517,1AEE2DB972C8FD9AFB48C4C1B451C729,fː,LATIN SMALL LETTER F - MODIFIER LETTER TRIANGULAR COLON,consonant,0,-,-,-,+,+,-,+,+,-,-,-,-,-,+,-,+,-,0,0,0,-,0,0,0,0,0,0,0,-,-,-,-,-,-,-,-
ɔ̃ː,0.026108752488546688,39,0.017914561322921452,1,0.00045934772622875517,A8502B647A72314DC6621C4135B5EE3E,ɔ̃ː,LATIN SMALL LETTER OPEN O - COMBINING TILDE - MODIFIER LETTER TRIANGULAR COLON,vowel,0,-,+,-,+,-,+,+,0,+,-,-,+,-,+,+,-,-,0,0,0,+,-,-,-,+,-,-,-,+,-,-,-,0,-,-,0
sʲ,0.025467945718296678,40,0.018373909049150206,1,0.00045934772622875517,AE22B011DAF9516E3388AF4E418B00F4,sʲ,LATIN SMALL LETTER S - MODIFIER LETTER SMALL J,consonant,0,-,-,-,-,+,-,+,+,-,-,-,-,-,-,0,0,+,+,-,+,+,+,-,+,-,0,0,0,-,-,-,-,-,-,-,-
y,0.024901628843338214,128,0.05879650895728066,3,0.0013780431786862655,27E498422242BAF54775C75A8C884CF7,y,LATIN SMALL LETTER Y,vowel,0,-,+,-,-,-,+,+,0,+,-,-,-,-,+,+,-,-,0,0,0,+,+,-,+,-,+,-,-,+,-,-,-,0,-,-,0
ɘ,0.024858408696446517,41,0.018833256775378962,1,0.00045934772622875517,CEB8A516242B5E336874AC64E81D655E,ɘ,LATIN SMALL LETTER REVERSED E,vowel,0,-,+,-,-,-,+,+,0,+,-,-,-,-,-,0,0,-,0,0,0,+,-,-,-,-,+,-,-,+,-,-,-,0,-,-,0
b̤,0.024858408696446517,41,0.018833256775378962,1,0.00045934772622875517,584E53EB5DC897FE333F996BB3854365,b̤,LATIN SMALL LETTER B - COMBINING DIAERESIS BELOW,consonant,0,-,-,-,-,+,-,-,-,-,-,-,-,-,+,-,-,-,0,0,0,-,0,0,0,0,0,0,0,+,-,+,-,-,-,-,-
ŋ,0.024363221272214516,1424,0.6541111621497474,12,0.005512172714745062,941ED37AAF5E9C4E1B40D85008C6B2D9,ŋ,LATIN SMALL LETTER ENG,consonant,0,-,-,-,-,+,+,-,0,-,-,-,+,-,-,0,0,-,0,0,0,+,+,-,-,-,0,0,0,+,-,-,-,-,-,-,-
ai,0.0239454435461695,87,0.0399632521819017,2,0.0009186954524575103,5E12425DA8E8C8FD24F187BE6A56D20F,ai,LATIN SMALL LETTER A - LATIN SMALL LETTER I,vowel,0,-,+,-,-,-,+,+,0,+,-,-,-,-,-,0,0,-,0,0,0,+,"-,+","+,-","-,+",-,+,-,-,+,-,-,-,0,-,-,0
ɮ,0.02372441751487544,43,0.01975195222783647,1,0.00045934772622875517,8AB7F55EAB4F34299B9887A4F4BCF42F,ɮ,LATIN SMALL LETTER LEZH,consonant,0,-,-,-,-,+,-,+,+,-,-,-,-,+,-,0,0,+,+,-,-,-,0,0,0,0,0,0,0,+,-,-,-,-,-,-,-
χʷ,0.02372441751487544,43,0.01975195222783647,1,0.00045934772622875517,26770129337E78245F6006266F845267,χʷ,GREEK SMALL LETTER CHI - MODIFIER LETTER SMALL W,consonant,0,-,-,-,-,+,-,+,+,-,-,-,-,-,+,+,-,-,0,0,0,+,-,-,-,+,0,0,0,-,-,-,-,-,-,-,-
ɒ,0.022691265374192207,45,0.02067064768029398,1,0.00045934772622875517,5745AAC70E7A7B7175204204FFBE639F,ɒ,LATIN SMALL LETTER TURNED ALPHA,vowel,0,-,+,-,-,-,+,+,0,+,-,-,-,-,+,+,-,-,0,0,0,+,-,+,-,+,0,-,-,+,-,-,-,0,-,-,0
ɛ̃ː,0.022691265374192207,45,0.02067064768029398,1,0.00045934772622875517,C8E200405D83F3D806F98BC041341BA0,ɛ̃ː,LATIN SMALL LETTER OPEN E - COMBINING TILDE - MODIFIER LETTER TRIANGULAR COLON,vowel,0,-,+,-,+,-,+,+,0,+,-,-,+,-,-,0,0,-,0,0,0,+,-,-,+,-,-,-,-,+,-,-,-,0,-,-,0
tɕ,0.02201324637241519,95,0.04363803399173174,2,0.0009186954524575103,F98D1F5885EED9A2408A55B509F263BD,tɕ,LATIN SMALL LETTER T - LATIN SMALL LETTER C WITH CURL,consonant,0,-,-,-,-,+,-,"-,+","-,+",-,-,-,-,-,-,0,0,+,+,"-,+","-,+","-,+",+,-,+,-,0,0,0,-,-,-,-,-,-,-,-
β,0.02191190147394527,259,0.1189710610932476,5,0.0022967386311437757,A2DFF488C07B9A11B5DF5EA37214750D,β,GREEK SMALL LETTER BETA,consonant,0,-,-,-,-,+,-,+,+,-,-,-,-,-,+,-,-,-,0,0,0,-,0,0,0,0,0,0,0,+,-,-,-,-,-,-,-
pʷ,0.021303037419758888,48,0.022048690858980247,1,0.00045934772622875517,89135AE8B291E91395AD52BAA7592587,pʷ,LATIN SMALL LETTER P - MODIFIER LETTER SMALL W,consonant,0,-,-,-,-,+,-,-,-,-,-,-,-,-,+,+,-,-,0,0,0,-,0,0,0,0,0,0,0,-,-,-,-,-,-,-,-
ɡʱ,0.021303037419758888,48,0.022048690858980247,1,0.00045934772622875517,2834DBE208519761437F67022B9C4607,ɡʱ,LATIN SMALL LETTER SCRIPT G - MODIFIER LETTER SMALL H WITH HOOK,consonant,0,-,-,-,-,+,-,-,-,-,-,-,-,-,-,0,0,-,0,0,0,+,+,-,-,-,0,0,0,+,-,+,-,-,-,-,-
t,0.02018600424675698,1656,0.7606798346348186,8,0.0036747818098300414,9F90F95459807624A486F03FE5A89978,t,LATIN SMALL LETTER T,consonant,0,-,-,-,-,+,-,-,-,-,-,-,-,-,-,0,0,+,+,-,-,-,0,0,0,0,0,0,0,-,-,-,-,-,-,-,-
ʔ,0.019333478978282914,846,0.3886081763895269,10,0.004593477262287551,0844E3AEAF1C8E3837465942B92FE4C5,ʔ,LATIN LETTER GLOTTAL STOP,consonant,0,-,-,-,-,+,-,-,-,-,-,-,-,-,-,0,0,-,0,0,0,-,0,0,0,0,0,0,0,-,-,-,+,-,-,-,-
æ,0.01914182713444122,170,0.07808911345888837,3,0.0013780431786862655,B6D180EA250E6FBDE82C3D1F1BB4A39C,æ,LATIN SMALL LETTER AE,vowel,0,-,+,-,-,-,+,+,0,+,-,-,-,-,-,0,0,-,0,0,0,+,-,+,+,-,0,-,-,+,-,-,-,0,-,-,0
ʝ,0.018989550077632977,54,0.02480477721635278,1,0.00045934772622875517,A5176F73648084056F9A091440AB3FBB,ʝ,LATIN SMALL LETTER J WITH CROSSED-TAIL,consonant,0,-,-,-,-,+,-,+,+,-,-,-,-,-,-,0,0,+,-,+,-,+,+,-,+,-,0,0,0,+,-,-,-,-,-,-,-
ŋɡʷ,0.018989550077632977,54,0.02480477721635278,1,0.00045934772622875517,AB82830F169A66AB145EF22527B96A24,ŋɡʷ,LATIN SMALL LETTER ENG - LATIN SMALL LETTER SCRIPT G - MODIFIER LETTER SMALL W,consonant,0,-,-,-,-,+,"+,-",-,-,-,-,-,"+,-",-,"-,+",+,-,-,0,0,0,+,+,-,-,-,0,0,0,+,-,-,-,-,-,-,-
qʰ,0.018989550077632977,54,0.02480477721635278,1,0.00045934772622875517,871B92989C5EC420B7D61B05731D1E83,qʰ,LATIN SMALL LETTER Q - MODIFIER LETTER SMALL H,consonant,0,-,-,-,-,+,-,-,-,-,-,-,-,-,-,0,0,-,0,0,0,+,-,-,-,+,0,0,0,-,-,+,-,-,-,-,-
hʷ,0.018328618576143325,56,0.02572347266881029,1,0.00045934772622875517,4E454EFC24409956D610FB858C201318,hʷ,LATIN SMALL LETTER H - MODIFIER LETTER SMALL W,consonant,0,-,-,-,-,-,-,+,+,-,-,-,-,-,+,+,-,-,0,0,0,-,0,0,0,0,0,0,0,-,-,+,-,-,-,-,-
pʲ,0.018328618576143325,56,0.02572347266881029,1,0.00045934772622875517,A6BC925BE30427A4ECE5EB6136535393,pʲ,LATIN SMALL LETTER P - MODIFIER LETTER SMALL J,consonant,0,-,-,-,-,+,-,-,-,-,-,-,-,-,+,-,-,-,0,0,0,+,+,-,+,-,0,0,0,-,-,-,-,-,-,-,-
pʼ,0.018064890880424865,117,0.053743683968764354,2,0.0009186954524575103,646674CE0AF099A6E69FB25363B53313,pʼ,LATIN SMALL LETTER P - MODIFIER LETTER APOSTROPHE,consonant,0,-,-,-,-,+,-,-,-,-,-,-,-,-,+,-,-,-,0,0,0,-,0,0,0,0,0,0,0,-,-,-,+,-,+,-,-
qʼ,0.017421296074006498,59,0.027101515847496555,1,0.00045934772622875517,F004A6DF8DC34AB3759000D0EEA099AC,qʼ,LATIN SMALL LETTER Q - MODIFIER LETTER APOSTROPHE,consonant,0,-,-,-,-,+,-,-,-,-,-,-,-,-,-,0,0,-,0,0,0,+,-,-,-,+,0,0,0,-,-,-,+,-,+,-,-
n̠d̠ʒ,0.01736667863268318,122,0.05604042259990813,2,0.0009186954524575103,E8A9FEC9A1B502D54358B0FE53449BE1,n̠d̠ʒ,LATIN SMALL LETTER N - COMBINING MINUS SIGN BELOW - LATIN SMALL LETTER D - COMBINING MINUS SIGN BELOW - LATIN SMALL LETTER EZH,consonant,0,-,-,-,-,+,"+,-",-,+,-,-,-,"+,-",-,-,0,0,+,-,+,+,-,0,0,0,0,0,0,0,+,-,-,-,-,-,-,-
ɬ,0.017103216378863348,124,0.05695911805236564,2,0.0009186954524575103,1F0C89A7E99CD5113AA994AD2CC86CBC,ɬ,LATIN SMALL LETTER L WITH BELT,consonant,0,-,-,-,-,+,-,+,+,-,-,-,-,+,-,0,0,+,+,-,-,-,0,0,0,0,0,0,0,-,-,-,-,-,-,-,-
c,0.017022441160372194,350,0.1607717041800643,5,0.0022967386311437757,852A220443D41F0A63671A2F4DEC9788,c,LATIN SMALL LETTER C,consonant,0,-,-,-,-,+,-,-,-,-,-,-,-,-,-,0,0,+,-,+,-,+,+,-,+,-,0,0,0,-,-,-,-,-,-,-,-
l̥,0.01686603241501131,61,0.028020211299954065,1,0.00045934772622875517,D47E305230AF5B8AD808EC71E2E40B0A,l̥,LATIN SMALL LETTER L - COMBINING RING BELOW,consonant,0,-,-,-,-,+,+,+,0,+,-,-,-,+,-,0,0,+,+,-,-,-,0,0,0,0,0,0,0,-,-,-,-,-,-,-,-
ʑ,0.016601845496835202,62,0.02847955902618282,1,0.00045934772622875517,F927B77FA49C7A849AEB78FB55268B69,ʑ,LATIN SMALL LETTER Z WITH CURL,consonant,0,-,-,-,-,+,-,+,+,-,-,-,-,-,-,0,0,+,+,+,+,+,+,-,+,-,0,0,0,+,-,-,-,-,-,-,-
ɽ,0.015369843477524164,139,0.06384933394579696,2,0.0009186954524575103,ECADEF8DC1141DC0002DA207736CC234,ɽ,LATIN SMALL LETTER R WITH TAIL,consonant,0,-,-,-,-,+,+,+,0,+,+,-,-,-,-,0,0,+,-,-,-,-,0,0,0,0,0,0,0,+,-,-,-,-,-,-,-
oː,0.015199648111040517,518,0.2379421221864952,6,0.002756086357372531,08F6CE9332919F91E699096D433AC8BB,oː,LATIN SMALL LETTER O - MODIFIER LETTER TRIANGULAR COLON,vowel,0,-,+,-,+,-,+,+,0,+,-,-,-,-,+,+,-,-,0,0,0,+,-,-,-,+,+,-,-,+,-,-,-,0,-,-,0
ʂ,0.014969298155138864,143,0.06568672485071199,2,0.0009186954524575103,9B4FF3CA9C2C2CC0884F937ECD88C04D,ʂ,LATIN SMALL LETTER S WITH HOOK,consonant,0,-,-,-,-,+,-,+,+,-,-,-,-,-,-,0,0,+,-,-,+,-,0,0,0,0,0,0,0,-,-,-,-,-,-,-,-
ʐ,0.014760322733744662,70,0.03215434083601286,1,0.00045934772622875517,9EBF00B0DFB3E7F964B97DB54E9A36FD,ʐ,LATIN SMALL LETTER Z WITH RETROFLEX HOOK,consonant,0,-,-,-,-,+,-,+,+,-,-,-,-,-,-,0,0,+,-,-,+,-,0,0,0,0,0,0,0,+,-,-,-,-,-,-,-
au,0.014363948271311692,72,0.03307303628847037,1,0.00045934772622875517,25061B1A6BE5A4214D5C675C56B92574,au,LATIN SMALL LETTER A - LATIN SMALL LETTER U,vowel,0,-,+,-,-,-,+,+,0,+,-,-,-,-,"-,+",+,-,-,0,0,0,+,"-,+","+,-",-,"-,+",+,-,-,+,-,-,-,0,-,-,0
cʰ,0.013633858563591275,76,0.03491042719338539,1,0.00045934772622875517,2653DF7B6901A0BABDDFBC146CF52EDE,cʰ,LATIN SMALL LETTER C - MODIFIER LETTER SMALL H,consonant,0,-,-,-,-,+,-,-,-,-,-,-,-,-,-,0,0,+,-,+,-,+,+,-,+,-,0,0,0,-,-,+,-,-,-,-,-
ɛ,0.013449230236983222,861,0.3954983922829582,7,0.003215434083601286,8A61A9B6039DB852CE150BEC6198AFE5,ɛ,LATIN SMALL LETTER OPEN E,vowel,0,-,+,-,-,-,+,+,0,+,-,-,-,-,-,0,0,-,0,0,0,+,-,-,+,-,-,-,-,+,-,-,-,0,-,-,0
ɲ,0.01300819809268864,973,0.44694533762057875,7,0.003215434083601286,1AD6D96C35E6ADA62F1EAF5B167F75F7,ɲ,LATIN SMALL LETTER N WITH LEFT HOOK,consonant,0,-,-,-,-,+,+,-,0,-,-,-,+,-,-,0,0,+,-,+,-,+,+,-,+,-,0,0,0,+,-,-,-,-,-,-,-
pʰ,0.012778783814323154,379,0.1740927882406982,4,0.0018373909049150207,6E065D8A2F199BCBC7CA7074EC4DE834,pʰ,LATIN SMALL LETTER P - MODIFIER LETTER SMALL H,consonant,0,-,-,-,-,+,-,-,-,-,-,-,-,-,+,-,-,-,0,0,0,-,0,0,0,0,0,0,0,-,-,+,-,-,-,-,-
ɔː,0.01272474340090248,269,0.12356453835553514,3,0.0013780431786862655,7D4AEC4169D5DB682621A0F86C706FC9,ɔː,LATIN SMALL LETTER OPEN O - MODIFIER LETTER TRIANGULAR COLON,vowel,0,-,+,-,+,-,+,+,0,+,-,-,-,-,+,+,-,-,0,0,0,+,-,-,-,+,-,-,-,+,-,-,-,0,-,-,0
ə,0.012422225569813247,533,0.2448323380799265,5,0.0022967386311437757,D9B28B2D674EBA4B03C38B36D77E563E,ə,LATIN SMALL LETTER SCHWA,vowel,0,-,+,-,-,-,+,+,0,+,-,-,-,-,-,0,0,-,0,0,0,+,-,-,-,-,-,-,-,+,-,-,-,0,-,-,0
ʈʰ,0.012382544991240644,84,0.03858520900321544,1,0.00045934772622875517,4364823B8F03525E91440277AEC22689,ʈʰ,LATIN SMALL LETTER T WITH RETROFLEX HOOK - MODIFIER LETTER SMALL H,consonant,0,-,-,-,-,+,-,-,-,-,-,-,-,-,-,0,0,+,-,-,-,-,0,0,0,0,0,0,0,-,-,+,-,-,-,-,-
ɑ,0.011873077510416894,184,0.08451998162609095,2,0.0009186954524575103,F55CF3619FAF770147652F0FDB9F146F,ɑ,LATIN SMALL LETTER ALPHA,vowel,0,-,+,-,-,-,+,+,0,+,-,-,-,-,-,0,0,-,0,0,0,+,-,+,-,+,0,-,-,+,-,-,-,0,-,-,0
u,0.011814826875067843,1992,0.9150206706476803,2,0.0009186954524575103,58EB693AE523323410326D60806B9ADF,u,LATIN SMALL LETTER U,vowel,0,-,+,-,-,-,+,+,0,+,-,-,-,-,+,+,-,-,0,0,0,+,+,-,-,+,+,-,-,+,-,-,-,0,-,-,0
ɔ,0.011727314353435506,822,0.3775838309600367,6,0.002756086357372531,55C328C4539D138964636333EABA3949,ɔ,LATIN SMALL LETTER OPEN O,vowel,0,-,+,-,-,-,+,+,0,+,-,-,-,-,+,+,-,-,0,0,0,+,-,-,-,+,-,-,-,+,-,-,-,0,-,-,0
ɹ̺,0.01171488225924491,89,0.04088194763435921,1,0.00045934772622875517,810FAFE2E381A78E1FFC5AEEB605942B,ɹ̺,LATIN SMALL LETTER TURNED R - COMBINING INVERTED BRIDGE BELOW,consonant,0,-,-,-,-,-,+,+,0,+,-,-,-,-,-,0,0,+,-,-,-,-,0,0,0,0,0,0,0,+,-,-,-,-,-,-,-
ɕ,0.011590267795346856,90,0.04134129536058796,1,0.00045934772622875517,5B46730211D403D44939C20A4D77EACA,ɕ,LATIN SMALL LETTER C WITH CURL,consonant,0,-,-,-,-,+,-,+,+,-,-,-,-,-,-,0,0,+,+,+,+,+,+,-,+,-,0,0,0,-,-,-,-,-,-,-,-
ɟ,0.011254019292604502,311,0.14285714285714285,3,0.0013780431786862655,320B62404207303F61B0F772296C9545,ɟ,LATIN SMALL LETTER DOTLESS J WITH STROKE,consonant,0,-,-,-,-,+,-,-,-,-,-,-,-,-,-,0,0,+,-,+,-,+,+,-,+,-,0,0,0,+,-,-,-,-,-,-,-
d̪,0.010768840111332428,328,0.1506660542030317,3,0.0013780431786862655,198E3EBE25854A256D6C67EF286FA260,d̪,LATIN SMALL LETTER D - COMBINING BRIDGE BELOW,consonant,0,-,-,-,-,+,-,-,-,-,-,-,-,-,-,0,0,+,+,+,-,-,0,0,0,0,0,0,0,+,-,-,-,-,-,-,-
əː,0.010481463649494463,100,0.045934772622875514,1,0.00045934772622875517,ED921AC9F6C2ABBAC1602F39891DADCF,əː,LATIN SMALL LETTER SCHWA - MODIFIER LETTER TRIANGULAR COLON,vowel,0,-,+,-,+,-,+,+,0,+,-,-,-,-,-,0,0,-,0,0,0,+,-,-,-,-,-,-,-,+,-,-,-,0,-,-,0
ʁ,0.010285849279470823,102,0.04685346807533303,1,0.00045934772622875517,B8654231A8D23801B38D10EE554ACBD5,ʁ,LATIN LETTER SMALL CAPITAL INVERTED R,consonant,0,-,-,-,-,+,-,+,+,-,-,-,-,-,-,0,0,-,0,0,0,+,-,-,-,+,0,0,0,+,-,-,-,-,-,-,-
eː,0.010001470128820038,528,0.24253559944878272,4,0.0018373909049150207,6DD56E3A80E90C3B1F5AC7AC45CE8180,eː,LATIN SMALL LETTER E - MODIFIER LETTER TRIANGULAR COLON,vowel,0,-,+,-,+,-,+,+,0,+,-,-,-,-,-,0,0,-,0,0,0,+,-,-,+,-,+,-,-,+,-,-,-,0,-,-,0
t̪,0.009707915273132665,552,0.2535599448782728,4,0.0018373909049150207,2DA484FF3408444AF11E01960C9C893A,t̪,LATIN SMALL LETTER T - COMBINING BRIDGE BELOW,consonant,0,-,-,-,-,+,-,-,-,-,-,-,-,-,-,0,0,+,+,+,-,-,0,0,0,0,0,0,0,-,-,-,-,-,-,-,-
cç,0.0093340536461549,113,0.051906293063849335,1,0.00045934772622875517,8AD5C612764E127E084477DD1C52B817,cç,LATIN SMALL LETTER C - LATIN SMALL LETTER C WITH CEDILLA,consonant,0,-,-,-,-,+,-,-,+,-,-,-,-,-,-,0,0,+,-,+,-,+,+,-,+,-,0,0,0,-,-,-,-,-,-,-,-
kʰ,0.009333733493397358,392,0.18006430868167203,3,0.0013780431786862655,BD29F40254AA0996800A773122397C28,kʰ,LATIN SMALL LETTER K - MODIFIER LETTER SMALL H,consonant,0,-,-,-,-,+,-,-,-,-,-,-,-,-,-,0,0,-,0,0,0,+,+,-,-,-,0,0,0,-,-,+,-,-,-,-,-
ʌ,0.009256660798870662,114,0.05236564079007809,1,0.00045934772622875517,18DCAF1C4880F45D5B402E7D776A91D0,ʌ,LATIN SMALL LETTER TURNED V,vowel,0,-,+,-,-,-,+,+,0,+,-,-,-,-,-,0,0,-,0,0,0,+,-,-,-,+,-,-,-,+,-,-,-,0,-,-,0
ç,0.008750844132874554,121,0.05558107487367937,1,0.00045934772622875517,A933E2A015DCF1AB1B946DBA04C1958C,ç,LATIN SMALL LETTER C WITH CEDILLA,consonant,0,-,-,-,-,+,-,+,+,-,-,-,-,-,-,0,0,+,-,+,-,+,+,-,+,-,0,0,0,-,-,-,-,-,-,-,-
t̠ʃʼ,0.008487329434697856,125,0.0574184657785944,1,0.00045934772622875517,73C29ACCE17EFB4239E53D799AD7C696,t̠ʃʼ,LATIN SMALL LETTER T - COMBINING MINUS SIGN BELOW - LATIN SMALL LETTER ESH - MODIFIER LETTER APOSTROPHE,consonant,0,-,-,-,-,+,-,-,+,-,-,-,-,-,-,0,0,+,-,+,+,-,0,0,0,0,0,0,0,-,-,-,+,-,+,-,-
ɛː,0.008350242222230745,274,0.12586127698667893,2,0.0009186954524575103,E12BC6D5BBF9272E866810A376DEEF52,ɛː,LATIN SMALL LETTER OPEN E - MODIFIER LETTER TRIANGULAR COLON,vowel,0,-,+,-,+,-,+,+,0,+,-,-,-,-,-,0,0,-,0,0,0,+,-,-,+,-,-,-,-,+,-,-,-,0,-,-,0
ɭ,0.007910323026052832,292,0.13412953605879652,2,0.0009186954524575103,512D7E3344FCD21B1EE47971D72DB39A,ɭ,LATIN SMALL LETTER L WITH RETROFLEX HOOK,consonant,0,-,-,-,-,+,+,+,0,+,-,-,-,+,-,0,0,+,-,-,-,-,0,0,0,0,0,0,0,+,-,-,-,-,-,-,-
tʰ,0.007732196767892027,300,0.13780431786862654,2,0.0009186954524575103,4EEF82037BC182F6353941401E583F45,tʰ,LATIN SMALL LETTER T - MODIFIER LETTER SMALL H,consonant,0,-,-,-,-,+,-,-,-,-,-,-,-,-,-,0,0,+,+,-,-,-,0,0,0,0,0,0,0,-,-,+,-,-,-,-,-
kp,0.0075635974512379,308,0.1414790996784566,2,0.0009186954524575103,3BE9D8AA68FB8CA25C1D8EE2091DC6D0,kp,LATIN SMALL LETTER K - LATIN SMALL LETTER P,consonant,0,-,-,-,-,+,-,-,-,-,-,-,-,-,+,-,-,-,0,0,0,+,+,-,-,-,0,0,0,-,-,-,-,-,-,-,-
ɳ,0.007384417082188528,317,0.1456132292145154,2,0.0009186954524575103,6838968A8DAA29313F3FD0EF4CE0AF3C,ɳ,LATIN SMALL LETTER N WITH RETROFLEX HOOK,consonant,0,-,-,-,-,+,+,-,0,-,-,-,+,-,-,0,0,+,-,-,-,-,0,0,0,0,0,0,0,+,-,-,-,-,-,-,-
n,0.007108107225650572,1845,0.8474965548920533,2,0.0009186954524575103,E03DA215BAB0A158BA5D1CB5C4D5D6FD,n,LATIN SMALL LETTER N,consonant,0,-,-,-,-,+,+,-,0,-,-,-,+,-,-,0,0,+,+,-,-,-,0,0,0,0,0,0,0,+,-,-,-,-,-,-,-
ɪ,0.006921416330981684,343,0.15755627009646303,2,0.0009186954524575103,CF50E15F866A7B9698A8F95C5C9B48B2,ɪ,LATIN LETTER SMALL CAPITAL I,vowel,0,-,+,-,-,-,+,+,0,+,-,-,-,-,-,0,0,-,0,0,0,+,+,-,+,-,-,-,-,+,-,-,-,0,-,-,0
t̠ʃʰ,0.006707211870255349,161,0.07395498392282958,1,0.00045934772622875517,9C6117430968F42700ACD02E4E7442F7,t̠ʃʰ,LATIN SMALL LETTER T - COMBINING MINUS SIGN BELOW - LATIN SMALL LETTER ESH - MODIFIER LETTER SMALL H,consonant,0,-,-,-,-,+,-,-,+,-,-,-,-,-,-,0,0,+,-,+,+,-,0,0,0,0,0,0,0,-,-,+,-,-,-,-,-
kʼ,0.006450141032022565,168,0.07717041800643087,1,0.00045934772622875517,B9C749831BC59B5585B5AE2159F32788,kʼ,LATIN SMALL LETTER K - MODIFIER LETTER APOSTROPHE,consonant,0,-,-,-,-,+,-,-,-,-,-,-,-,-,-,0,0,-,0,0,0,+,+,-,-,-,0,0,0,-,-,-,+,-,+,-,-
ɖ,0.006346457702914649,171,0.07854846118511713,1,0.00045934772622875517,BE81A18FCCFFEDC9ACF3B18F14E766BD,ɖ,LATIN SMALL LETTER D WITH TAIL,consonant,0,-,-,-,-,+,-,-,-,-,-,-,-,-,-,0,0,+,-,-,-,-,0,0,0,0,0,0,0,+,-,-,-,-,-,-,-
aː,0.006090805318053629,753,0.34588883785025265,3,0.0013780431786862655,2F272C9C5FA2DA70706B565B2DC46DE8,aː,LATIN SMALL LETTER A - MODIFIER LETTER TRIANGULAR COLON,vowel,0,-,+,-,+,-,+,+,0,+,-,-,-,-,-,0,0,-,0,0,0,+,-,+,-,-,0,-,-,+,-,-,-,0,-,-,0
n̪,0.005857882444111981,424,0.19476343592099218,2,0.0009186954524575103,2ED41B5E874292EB0C3BBC6F31DC6FCC,n̪,LATIN SMALL LETTER N - COMBINING BRIDGE BELOW,consonant,0,-,-,-,-,+,+,-,0,-,-,-,+,-,-,0,0,+,+,+,-,-,0,0,0,0,0,0,0,+,-,-,-,-,-,-,-
ɔ̃,0.005739126766949801,191,0.08773541570969223,1,0.00045934772622875517,E8929F8B062DC2469EEDA96A98BD8D3A,ɔ̃,LATIN SMALL LETTER OPEN O - COMBINING TILDE,vowel,0,-,+,-,-,-,+,+,0,+,-,-,+,-,+,+,-,-,0,0,0,+,-,-,-,+,-,-,-,+,-,-,-,0,-,-,0
a,0.005658925609952638,1983,0.9108865411116215,1,0.00045934772622875517,72FB536ACFF408163656BBCDAFCAC6F6,a,LATIN SMALL LETTER A,vowel,0,-,+,-,-,-,+,+,0,+,-,-,-,-,-,0,0,-,0,0,0,+,-,+,-,-,0,-,-,+,-,-,-,0,-,-,0
ɛ̃,0.005432693987352828,203,0.0932475884244373,1,0.00045934772622875517,0893FE8A6560A9B5DFA0A58647DB558E,ɛ̃,LATIN SMALL LETTER OPEN E - COMBINING TILDE,vowel,0,-,+,-,-,-,+,+,0,+,-,-,+,-,-,0,0,-,0,0,0,+,-,-,+,-,-,-,-,+,-,-,-,0,-,-,0
ɗ,0.005292819076516124,209,0.09600367478180984,1,0.00045934772622875517,192EEEA914E770D60BEC3F86DAED50AA,ɗ,LATIN SMALL LETTER D WITH HOOK,consonant,0,-,-,-,-,+,-,-,-,-,-,-,-,-,-,0,0,+,+,-,-,-,0,0,0,0,0,0,0,+,-,-,-,-,-,+,-
o̞,0.0048614367700587306,230,0.10564997703261368,1,0.00045934772622875517,CCF0350A2EFEF792529909972278B165,o̞,LATIN SMALL LETTER O - COMBINING DOWN TACK BELOW,vowel,0,-,+,-,-,-,+,+,0,+,-,-,-,-,+,+,-,-,0,0,0,+,-,-,-,+,0,-,-,+,-,-,-,0,-,-,0
ɓ,0.004582907040877762,246,0.11299954065227377,1,0.00045934772622875517,CFA86CE56605194A2F338BA3E3974EA3,ɓ,LATIN SMALL LETTER B WITH HOOK,consonant,0,-,-,-,-,+,-,-,-,-,-,-,-,-,+,-,-,-,0,0,0,-,0,0,0,0,0,0,0,+,-,-,-,-,-,+,-
ŋɡ,0.0044877344877344875,252,0.1157556270096463,1,0.00045934772622875517,95A609A900A52E93F9252FD72E8D136F,ŋɡ,LATIN SMALL LETTER ENG - LATIN SMALL LETTER SCRIPT G,consonant,0,-,-,-,-,+,"+,-",-,-,-,-,-,"+,-",-,-,0,0,-,0,0,0,+,+,-,-,-,0,0,0,+,-,-,-,-,-,-,-
nd,0.004441859990614352,255,0.11713367018833257,1,0.00045934772622875517,6910328C2AAA6011720FA21FFE1665D8,nd,LATIN SMALL LETTER N - LATIN SMALL LETTER D,consonant,0,-,-,-,-,+,"+,-",-,-,-,-,-,"+,-",-,-,0,0,+,+,-,-,-,0,0,0,0,0,0,0,+,-,-,-,-,-,-,-
mb,0.004188213747037276,273,0.12540192926045016,1,0.00045934772622875517,8DEC1745406483DE6A8030A28A69B646,mb,LATIN SMALL LETTER M - LATIN SMALL LETTER B,consonant,0,-,-,-,-,+,"+,-",-,-,-,-,-,"+,-",-,+,-,-,-,0,0,0,-,0,0,0,0,0,0,0,+,-,-,-,-,-,-,-
uː,0.004124699694578966,729,0.3348644924207625,2,0.0009186954524575103,3A9677F59A8D4980D4DEADD51C55FF1C,uː,LATIN SMALL LETTER U - MODIFIER LETTER TRIANGULAR COLON,vowel,0,-,+,-,+,-,+,+,0,+,-,-,-,-,+,+,-,-,0,0,0,+,+,-,-,+,+,-,-,+,-,-,-,0,-,-,0
õ,0.0040493887785242886,284,0.13045475424896646,1,0.00045934772622875517,DF648A2DB863191981CA66654BFF6BF4,õ,LATIN SMALL LETTER O - COMBINING TILDE,vowel,0,-,+,-,-,-,+,+,0,+,-,-,+,-,+,+,-,-,0,0,0,+,-,-,-,+,+,-,-,+,-,-,-,0,-,-,0
iː,0.003993484218674904,781,0.3587505741846578,2,0.0009186954524575103,D7A90868F42885077FD3F44A8440B3BB,iː,LATIN SMALL LETTER I - MODIFIER LETTER TRIANGULAR COLON,vowel,0,-,+,-,+,-,+,+,0,+,-,-,-,-,-,0,0,-,0,0,0,+,+,-,+,-,+,-,-,+,-,-,-,0,-,-,0
ɡb,0.0038233765138955236,304,0.13964170877354157,1,0.00045934772622875517,1F27FEFCD8402C09E00300258B5A7EE2,ɡb,LATIN SMALL LETTER SCRIPT G - LATIN SMALL LETTER B,consonant,0,-,-,-,-,+,-,-,-,-,-,-,-,-,+,-,-,-,0,0,0,+,+,-,-,-,0,0,0,+,-,-,-,-,-,-,-
ã,0.0030568286490979756,401,0.18419843821773083,1,0.00045934772622875517,8E32B519FFFA1D3336C36200F8060969,ã,LATIN SMALL LETTER A - COMBINING TILDE,vowel,0,-,+,-,-,-,+,+,0,+,-,-,+,-,-,0,0,-,0,0,0,+,-,+,-,-,0,-,-,+,-,-,-,0,-,-,0
ɨ,0.0030392633171946637,404,0.18557648139641708,1,0.00045934772622875517,3A3393BDCDC64FE0B39793147F9DBA7D,ɨ,LATIN SMALL LETTER I WITH STROKE,vowel,0,-,+,-,-,-,+,+,0,+,-,-,-,-,-,0,0,-,0,0,0,+,+,-,-,-,+,-,-,+,-,-,-,0,-,-,0
ĩ,0.0029394688162460675,422,0.19384474046853467,1,0.00045934772622875517,A9F45477DAC8AB8BB14C84275ED3690F,ĩ,LATIN SMALL LETTER I - COMBINING TILDE,vowel,0,-,+,-,-,-,+,+,0,+,-,-,+,-,-,0,0,-,0,0,0,+,+,-,+,-,+,-,-,+,-,-,-,0,-,-,0
